Firm_Name,Type,Location,Website,Office_Contact,Portfolio_Examples,Investment_Focus
Andreessen Horowitz,VC,"Menlo Park, CA",a16z.com,info@a16z.com,Instacart/Faire,"AI, Marketplace, Ecommerce"
Insight Partners,PE,"New York, NY",insightpartners.com,+1 (212) 230-9200,Shopify/Vinted,"Ecommerce, Software"
Sequoia Capital,VC,"Menlo Park, CA",sequoiacap.com,+1 (650) 854-3927,Klarna/StockX,"Fintech, Marketplace"
Accel,VC,"Palo Alto, CA",accel.com,+1 (650) 614-4800,Etsy/Deliverr,"Marketplace, Logistics"
Tiger Global,PE,"New York, NY",tigerglobal.com,info@tigerglobal.com,Stripe/GoTo,"Fintech, Marketplace"
SoftBank Vision Fund,VC,"Tokyo, Japan",softbank.com,+81 3-6889-2000,Coupang/Flipkart,"Ecommerce, AI"
DST Global,VC,"Hong Kong",dst.global,info@dst.global,Wish/Meesho,"Ecommerce, Marketplace"
Coatue Management,PE,"New York, NY",coatue.com,+1 (212) 201-5700,Instacart/Checkout.com,"AI, Fintech"
General Catalyst,VC,"Cambridge, MA",generalcatalyst.com,+1 (617) 234-7000,Snap/Deliveroo,"Marketplace, AI"
Index Ventures,VC,"San Francisco, CA",indexventures.com,info@indexventures.com,Deliveroo/Revolut,"Marketplace, Fintech"
Lightspeed Venture,VC,"Menlo Park, CA",lsvp.com,+1 (650) 234-8000,Faire/Affirm,"Marketplace, Fintech"
NEA,VC,"Menlo Park, CA",nea.com,+1 (650) 854-9499,Goop/Casper,"D2C, Ecommerce"
Bessemer Venture,VC,"San Francisco, CA",bvp.com,+1 (650) 233-6500,Shopify/Pinterest,"Ecommerce, Marketplace"
Founders Fund,VC,"San Francisco, CA",foundersfund.com,info@foundersfund.com,Affirm/Stripe,"Fintech, AI"
GGV Capital,VC,"Menlo Park, CA",ggvc.com,+1 (650) 475-2150,Wish/Alibaba,"Ecommerce, Marketplace"
Kleiner Perkins,VC,"Menlo Park, CA",kleinerperkins.com,+1 (650) 233-2750,Stripe/DoorDash,"Fintech, Marketplace"
Battery Ventures,PE,"Boston, MA",battery.com,+1 (617) 482-2100,Wayfair/Fastly,"Ecommerce, Infrastructure"
Greylock Partners,VC,"Menlo Park, CA",greylock.com,info@greylock.com,Convoy/Discord,"Logistics, Marketplace"
Thrive Capital,VC,"New York, NY",thrivecap.com,info@thrivecap.com,Stripe/GitHub,"Fintech, Software"
Silver Lake,PE,"Menlo Park, CA",silverlake.com,+1 (650) 233-8120,Alibaba/Unity,"Ecommerce, Software"
Warburg Pincus,PE,"New York, NY",warburgpincus.com,+1 (212) 878-0600,Ant Group/Go-Jek,"Fintech, Marketplace"
TPG Capital,PE,"San Francisco, CA",tpg.com,+1 (415) 743-1500,Uber/Airbnb,"Marketplace, Travel"
KKR,PE,"New York, NY",kkr.com,+1 (212) 750-8300,Epic Games/ByteDance,"Gaming, Social"
Advent International,PE,"Boston, MA",adventinternational.com,+1 (617) 951-9400,Thrasio/Dufry,"Ecommerce, Retail"
Vista Equity Partners,PE,"Austin, TX",vistaequitypartners.com,+1 (512) 730-2400,BigCommerce/Klaviyo,"Ecommerce, Software"
L Catterton,PE,"Greenwich, CT",lcatterton.com,+1 (203) 629-4901,Everlane/ThirdLove,"D2C, Retail"
General Atlantic,PE,"New York, NY",generalatlantic.com,+1 (212) 715-4000,Alibaba/Bytedance,"Ecommerce, Social"
Blackstone,PE,"New York, NY",blackstone.com,+1 (212) 583-5000,Bumble/Ancestry,"Marketplace, Software"
Bain Capital,PE,"Boston, MA",baincapital.com,+1 (617) 516-2000,Shopkick/BloomReach,"Retail, Software"
Carlyle Group,PE,"Washington, DC",carlyle.com,+1 (202) 729-5626,Supreme/Golden Goose,"Retail, D2C"
FirstMark Capital,VC,"New York, NY",firstmarkcap.com,info@firstmarkcap.com,Shopify/Airbnb,"Ecommerce, Marketplace"
Khosla Ventures,VC,"Menlo Park, CA",khoslaventures.com,info@khoslaventures.com,Instacart/Square,"AI, Marketplace"
Union Square Ventures,VC,"New York, NY",usv.com,info@usv.com,Etsy/Carta,"Marketplace, Software"
Benchmark,VC,"San Francisco, CA",benchmark.com,info@benchmark.com,eBay/Uber,"Marketplace, Platform"
CRV,VC,"Cambridge, MA",crv.com,+1 (617) 945-9600,Patreon/Drift,"Platform, AI"
Ribbit Capital,VC,"Palo Alto, CA",ribbitcap.com,info@ribbitcap.com,Affirm/Coinbase,"Fintech, Marketplace"
Emergence Capital,VC,"San Mateo, CA",emcap.com,+1 (650) 573-8700,Zoom/Bill.com,"SaaS, AI"
IVP,VC,"Menlo Park, CA",ivp.com,+1 (650) 543-1800,Snap/Discord,"Social, Platform"
FirstRound Capital,VC,"San Francisco, CA",firstround.com,info@firstround.com,Uber/Roblox,"Marketplace, Gaming"
Felicis Ventures,VC,"Menlo Park, CA",felicis.com,info@felicis.com,Shopify/Plaid,"Ecommerce, Fintech"
8VC,VC,"Austin, TX",8vc.com,info@8vc.com,Deliverr/Wish,"Logistics, Ecommerce"
Scale Venture Partners,VC,"Foster City, CA",scalevp.com,+1 (650) 378-6000,Box/DocuSign,"SaaS, AI"
Forerunner Ventures,VC,"San Francisco, CA",forerunnerventures.com,info@forerunnerventures.com,Glossier/Away,"D2C, Retail"
Norwest Venture Partners,VC,"Palo Alto, CA",nvp.com,+1 (650) 321-8000,Udemy/Opendoor,"Marketplace, Edtech"
Point72 Ventures,VC,"Stamford, CT",p72.vc,info@point72.com,Extend/dv01,"Fintech, AI"
Mayfield Fund,VC,"Menlo Park, CA",mayfield.com,+1 (650) 854-5560,Poshmark/Outreach,"Marketplace, SaaS"
Foundation Capital,VC,"Palo Alto, CA",foundationcap.com,+1 (650) 614-0500,Netflix/Lending Club,"Platform, Fintech"
New Enterprise Associates,VC,"Chevy Chase, MD",nea.com,+1 (301) 951-6122,Jet/Groupon,"Ecommerce, Platform"
Sapphire Ventures,VC,"Palo Alto, CA",sapphireventures.com,+1 (650) 849-9600,Square/DocuSign,"Fintech, SaaS"
Redpoint Ventures,VC,"Menlo Park, CA",redpoint.com,info@redpoint.com,Stripe/Netflix,"Fintech, Platform"
Spark Capital,VC,"Boston, MA",sparkcapital.com,info@sparkcapital.com,Discord/Wayfair,"Platform, Ecommerce"
Greycroft,VC,"New York, NY",greycroft.com,info@greycroft.com,Goop/Plated,"D2C, Marketplace"
Revolution Growth,PE,"Washington, DC",revolution.com,info@revolution.com,Sweetgreen/DraftKings,"D2C, Platform"
Permira,PE,"London, UK",permira.com,+44 20 7632 1000,Allegro/Klarna,"Marketplace, Fintech"
Technology Crossover Ventures,PE,"Menlo Park, CA",tcv.com,+1 (650) 614-8200,Netflix/Spotify,"Platform, Software"
Balderton Capital,VC,"London, UK",balderton.com,info@balderton.com,Depop/GoCardless,"Marketplace, Fintech"
Atomico,VC,"London, UK",atomico.com,info@atomico.com,Klarna/MessageBird,"Fintech, SaaS"
Wellington Management,PE,"Boston, MA",wellington.com,+1 (617) 951-5000,Airbnb/Affirm,"Platform, Fintech"
Dragoneer Investment Group,PE,"San Francisco, CA",dragoneer.com,info@dragoneer.com,Uber/DoorDash,"Marketplace, Platform"
Hillhouse Capital,PE,"Beijing, China",hillhousecap.com,info@hillhousecap.com,JD/Meituan,"Ecommerce, Platform"
Tencent Investment,PE,"Shenzhen, China",tencent.com,ir@tencent.com,Pinduoduo/Sea,"Gaming, Ecommerce"
Fidelity Management,PE,"Boston, MA",fidelity.com,+1 (617) 563-7000,Stripe/ByteDance,"Fintech, Platform"